id,featureVector
beef63d6a6236b9d,"[ 0.00405463 -0.00045917  0.00480549 ...  0.00044797  0.11911271
  0.11384919]"
e6709a5263fe25ec,[0.00457939 0.00854617 0.00886522 ... 0.03933782 0.06680675 0.09663725]
789989a27f234762,[0.03512565 0.00298717 0.2833072  ... 0.0007487  0.03000227 0.00381246]
833fdfe639c8a105,"[-0.06767645  0.00072912  0.06767648 ...  0.01067053  0.16388859
  0.07105954]"
1442d3e7a8ab9645,"[-0.01244906  0.01791801  0.15146112 ... -0.0160356   0.05854239
  0.03231139]"
f6b293980c63ce70,"[-0.0062737   0.00685565  0.0220981  ...  0.01033132  0.03233369
  0.03090495]"
dea061c0212c2f21,"[-0.00830368  0.00163655  0.01516694 ...  0.00519611  0.00977839
  0.00842265]"
e8e17f4445dd1eb6,"[-0.00167741 -0.01319289  0.03179398 ... -0.09653906  0.12213329
  0.10291416]"
70e4ff4d9d3e5d66,"[-0.02723551 -0.02604613  0.07773183 ...  0.00136504  0.00750576
  0.0044252 ]"
16672b4e96306386,"[-0.01266887  0.01895066  0.03262405 ...  0.03504759  0.05721924
  0.05533387]"
debf4a335821e6bf,"[ 0.01777888  0.06094063  0.11828127 ... -0.00206582  0.17130516
  0.08967143]"
d3f547b89b30214f,[0.01804406 0.00643265 0.07311802 ... 0.02582376 0.02351762 0.03946421]
b92dae76db0c665a,"[ 0.04689988  0.00117597  0.06406259 ... -0.01242197  0.013642
  0.02337542]"
0cecfda5bcdfd8c5,"[ 0.00331963  0.00017944  0.01001624 ... -0.00310091  0.00285107
  0.00556802]"
69b6b347b2275db0,"[-0.02047244  0.00049336  0.05312369 ...  0.05483689  0.17802192
  0.13955502]"
2b320ad1403d806b,"[-0.00525301 -0.02827728  0.00605518 ...  0.0314237   0.05604256
  0.03372393]"
031618081e9de3c9,"[-0.00682955 -0.02216583  0.04502404 ... -0.00176902  0.03665717
  0.03010212]"
9ca103af826d4055,"[-0.0104422   0.07597281  0.06059435 ...  0.00016517  0.01916897
  0.02353472]"
0ebd0ed86af94028,"[ 0.00812586 -0.00265837  0.04823931 ...  0.01999783  0.08951797
  0.03570072]"
b452c771d84ce52a,"[-0.00327126 -0.00666257  0.01779003 ...  0.00216835  0.04138145
  0.00618294]"
2203381489e89c1d,"[ 0.06634493 -0.02429708  0.09858444 ...  0.00778321  0.175274
  0.02572156]"
9a3209452ec9be6f,[0.00422307 0.05192953 0.08469882 ... 0.00065247 0.03088028 0.06356064]
42d7b9525f3090fc,[0.00407461 0.005751   0.10433638 ... 0.00127883 0.08411404 0.01868442]
492af25d8cad8b66,"[ 0.07595157 -0.02570145  0.14397992 ... -0.00075798  0.00176539
  0.00129763]"
c1b5b8b67d49d82e,"[-0.00293292 -0.01844982  0.00688065 ... -0.00104884  0.00416875
  0.01192047]"
7cf299dc14b8e295,"[-0.01004235  0.01367013  0.03462026 ... -0.00652877  0.05058283
  0.05993166]"
7e1051a6d8cb4645,"[-0.00425776 -0.05262037  0.031385   ... -0.039596    0.04636745
  0.04873244]"
4730d5ad3daadb8a,"[-0.0078521  -0.00377785  0.03727913 ... -0.03398864  0.07518617
  0.09477156]"
0b738aa028213696,"[ 0.06433266  0.01164689  0.42450705 ... -0.03590501  0.0313221
  0.05160989]"
05419fa73a9a2a30,"[-0.01411491  0.03439216  0.1224817  ... -0.00664829  0.07899002
  0.04121109]"
2f348e0fd434a489,"[1.6250180e-05 1.1625496e-04 5.3171068e-05 ... 9.0971770e-04 3.2435652e-02
 3.6212042e-02]"
b65f430a58b5ddd6,"[-0.00840941 -0.0013589   0.01841543 ...  0.00095884  0.00145918
  0.00096619]"
61c0efe82d9cfcbc,"[ 0.0339376  -0.05484848  0.08832234 ...  0.02602877  0.06610239
  0.03698093]"
163f29a807247adc,"[ 0.0150276  -0.02076913  0.04980883 ... -0.00203374  0.05380334
  0.02369857]"
0cabb772a7b9bef7,"[ 0.030837   -0.01376023  0.09219421 ...  0.01827873  0.09249652
  0.09047641]"
d69f9e281fc87b7d,"[-0.01109867  0.00977423  0.03499252 ... -0.09512755  0.11446044
  0.105307  ]"
4a5c56cc427238e8,"[ 0.04359023 -0.03828997  0.07195693 ...  0.02243945  0.02219723
  0.05496714]"
6d9696e15717af8e,"[ 0.02017232 -0.00283857  0.11237089 ...  0.00392568  0.02732941
  0.00616227]"
876b15a0ee629a50,[0.00535684 0.00207847 0.04068341 ... 0.00952662 0.03612681 0.06927533]
ec8d715640f58fa4,"[-0.01610146  0.00826104  0.05791762 ...  0.07923125  0.0166566
  0.08515949]"
d8ceca6066c0f95e,"[-0.05409433  0.06937849  0.08419309 ... -0.03381198  0.04451587
  0.04319317]"
fc323b6538a32239,[0.00987891 0.01794294 0.04062    ... 0.00091004 0.00142252 0.00223965]
57e823b776d711fe,"[ 0.00810757 -0.00135789  0.02828126 ... -0.00932923  0.00795196
  0.03089122]"
de283b9882a767c9,[0.00216729 0.02131111 0.14985882 ... 0.08672664 0.03635332 0.17059207]
3acd1cf29fedecff,"[-0.00211749  0.00279459  0.01351485 ... -0.03083015  0.11514725
  0.06669267]"
cac1e8bcb7e77a24,"[-0.0108019  -0.00169091  0.0191808  ... -0.00633718  0.0166958
  0.03121645]"
df2a47c4f1a43963,"[ 0.00307663 -0.01778962  0.09446248 ...  0.00886507  0.00624483
  0.00926945]"
cf65e8a1145ba173,"[-0.00850389  0.01985795  0.06670289 ... -0.01119677  0.10095578
  0.07637887]"
45a60e5afaa0e9d2,"[-0.00190753 -0.02679594  0.04236864 ... -0.00591589  0.0623991
  0.03277029]"
a0dd3908cb0962ac,"[ 0.03516417 -0.00688607  0.04803309 ... -0.01620345  0.03286219
  0.026347  ]"
ceab18d5bc18de2f,"[-0.02439991 -0.0212185   0.05327106 ...  0.04500343  0.09906135
  0.11826716]"
80becae083b48730,"[-0.01165533 -0.01589747  0.11102378 ... -0.04514978  0.13276245
  0.10078759]"
556cb58a0c36a427,"[-0.0541327   0.01959474  0.08381019 ...  0.02976072  0.04797732
  0.05576434]"
4fd0936f48bd698d,"[-0.01015561  0.08576064  0.08825023 ...  0.04180178  0.05567227
  0.10701833]"
d88f1ce32980a63e,"[-0.02762895  0.01495536  0.02924552 ...  0.0187347   0.18598065
  0.12855682]"
b64c7e8cfd485c9b,"[-0.00451817  0.02670181  0.01455583 ...  0.02605942  0.07165574
  0.04585885]"
75a37c8c888f4c5b,[0.00684867 0.00326937 0.06785329 ... 0.00249326 0.04395743 0.04017865]
b8298af4a8488b9a,[0.04088748 0.00778456 0.09442077 ... 0.00937828 0.01233358 0.01543377]
e45ea2aa94f2af5d,"[-0.01738447  0.03654208  0.09703185 ...  0.00536181  0.04202177
  0.04948461]"
a17ed6e991d41271,"[ 0.00149515 -0.01818869  0.00989826 ...  0.02452227  0.10915363
  0.04138371]"
6cd194005a3bb5c9,"[ 0.07133231  0.06984427  0.09772142 ... -0.01191152  0.0737775
  0.07227748]"
0b44cfa66aa4bf0c,"[-0.0907648   0.02026159  0.11954205 ...  0.02889122  0.02985372
  0.02992332]"
c7127e95a778bf9c,"[ 0.00743545 -0.00917577  0.04423628 ... -0.00032502  0.02104728
  0.00326203]"
731f07f7d38e0889,"[-0.01024211  0.00400079  0.06170717 ...  0.0015946   0.06070988
  0.01695811]"
21a04dd7bd7133cf,"[ 0.0266055   0.02571381  0.05935382 ... -0.00212707  0.04248717
  0.06325344]"
6415ca4a05a607b0,"[ 0.02220337  0.00095264  0.07210664 ... -0.07378102  0.02454511
  0.07564656]"
1144c62a076f72f4,"[-0.00260633  0.01104699  0.00608494 ... -0.05619657  0.05465743
  0.06063137]"
30ec73f90224fcae,"[-1.7948279e-02 -7.8133829e-02  2.8819460e-01 ...  1.2224485e-04
  2.7419237e-02  1.4077692e-02]"
f666eb4f835d2d64,"[ 0.03861924  0.07360676  0.11088132 ... -0.04539889  0.13801177
  0.0980073 ]"
7b2b3cb7feba0b97,"[-0.00094407 -0.01570642  0.04596787 ... -0.00755952  0.06304578
  0.07420493]"
a29dd95bad965d08,"[-0.00604246  0.03450804  0.10539786 ...  0.00013766  0.01586063
  0.00138463]"
27a9a8f42242fd56,[0.01615194 0.03240283 0.06541539 ... 0.01483069 0.0245734  0.0274412 ]
50f3422aa95f5c3b,"[ 0.01895459 -0.03504106  0.10181415 ... -0.22714312  0.40170902
  0.22875063]"
e4faf02b066db16d,"[-0.00123554 -0.0085239   0.08899448 ... -0.02907859  0.04557229
  0.03798008]"
359bf0328e68d10a,"[-0.01165145 -0.06784556  0.04100323 ...  0.01587885  0.17411652
  0.0478659 ]"
1f8757c82539da40,"[-0.02684428 -0.04519924  0.05772301 ... -0.04446791  0.05551104
  0.08795863]"
e28c7abd92864f24,"[ 0.0161172  -0.00157841  0.1096827  ... -0.00601561  0.01179811
  0.0158317 ]"
0cf31a3bbc40a8ba,"[-0.00251027 -0.02511241  0.02704237 ...  0.00172006  0.01799927
  0.01413677]"
503f3f656462efdb,"[-0.00577462 -0.01695857  0.02471771 ... -0.04111964  0.08226183
  0.06539579]"
7e85d9434041e176,"[-0.0118568   0.04477554  0.03246527 ... -0.02404949  0.12106921
  0.07616024]"
2b1c2f58b67165fc,"[-0.07583026  0.05477191  0.1384542  ... -0.00941516  0.07647643
  0.07277613]"
6f30fa11da92919c,"[ 0.00780744  0.02131443  0.05047722 ... -0.00218772  0.06353708
  0.05768855]"
f3e2be34d8c31aae,"[ 0.01136141 -0.00105323  0.0794808  ... -0.00434127  0.04255978
  0.03011419]"
ae5d0682717144dd,[0.09204677 0.03159075 0.11825032 ... 0.00413223 0.11888666 0.01506802]
0ead0f7a06822edb,"[-0.00365285  0.04933807  0.07493503 ... -0.03208731  0.06869917
  0.07358086]"
9d1399fb0457a110,"[-0.06627925 -0.00706638  0.09011574 ...  0.02129889  0.13944782
  0.08756861]"
cd6fd7ecc5c0e065,"[-0.02407798  0.0002405   0.04210915 ... -0.00662613  0.05309954
  0.04555782]"
72d1f1d90a65eb34,"[ 0.01101446 -0.01146104  0.02148447 ... -0.00342665  0.08368235
  0.05692373]"
f05b428dfb177778,"[-0.00622636 -0.03460599  0.10019966 ...  0.0163472   0.04338
  0.07805221]"
b2a46982886a4098,"[-0.06808286  0.03638029  0.07086133 ... -0.02674084  0.12244202
  0.10587674]"
f6d36f110da72f4a,"[ 0.00051827  0.00083354  0.00481393 ... -0.10923942  0.11275463
  0.12030286]"
6f2ebc765a1c4d07,"[ 0.00420484 -0.01104027  0.02437814 ... -0.07939295  0.06481165
  0.10930007]"
d7303ea7a9746753,"[-0.0200012  -0.01177233  0.0841104  ... -0.04140452  0.05084856
  0.10331443]"
c2373a78ac463890,"[-0.00184222  0.02562639  0.00552184 ... -0.00850979  0.1368837
  0.0784696 ]"
6fe10ec1f0ab9876,[0.00467524 0.00041308 0.0058102  ... 0.00111346 0.02375783 0.00935565]
ea0e6b4f217b7c40,"[-0.01239647 -0.00397396  0.02122213 ...  0.01902041  0.03269609
  0.05676142]"
aabb25278451d3a9,[0.02709201 0.0042065  0.07321855 ... 0.0002343  0.00480934 0.00396117]
2bb367bd03dd8c1f,[0.00635052 0.01443965 0.04181366 ... 0.02089962 0.02514518 0.03714099]
91f5477eaaed6283,"[ 0.0444032  -0.07486316  0.05084748 ...  0.01575208  0.04157989
  0.01945109]"
4570c7584fdc2135,"[ 0.01354563 -0.08666345  0.07573992 ...  0.00470401  0.04196262
  0.04029346]"
27cd232e3681df2f,"[-0.05797591  0.01907522  0.06830368 ... -0.00341559  0.00578685
  0.00459361]"
1fdf28029b47c95a,"[ 0.08404259 -0.01934012  0.11263836 ...  0.00045547  0.013881
  0.00365572]"
fe3b11e94759b0a2,"[ 0.02914725 -0.04336643  0.07393155 ...  0.00867129  0.17322941
  0.02558688]"
60c079784247e737,"[ 0.00859229 -0.01511413  0.03041494 ... -0.00093498  0.00152688
  0.00117858]"
7fe30908ab2876c0,"[-0.00190251  0.00089378  0.00190251 ...  0.012604    0.08527298
  0.06753877]"
3b42607106b1fd69,"[ 0.05542185 -0.03077565  0.08160326 ... -0.01212309  0.070242
  0.04121022]"
c628bef0722ee36d,"[ 0.00283256 -0.00211446  0.00827922 ... -0.02323504  0.13849144
  0.10924625]"
4ffc3013b3a818ac,"[-0.00157953 -0.00081502  0.00250705 ... -0.00592136  0.01462734
  0.01278768]"
7a5b511ad69f2821,"[ 0.08671588 -0.04069804  0.11032639 ... -0.0053089   0.08524445
  0.07184241]"
9898831672998891,"[-0.00771364 -0.0239579   0.03827769 ...  0.00111847  0.00062876
  0.00116919]"
dbeaa2669f2f3cc3,"[-0.02566422  0.01807873  0.04629868 ... -0.0161674   0.06325858
  0.07862347]"
df431e45dc780e07,[0.00726732 0.01325097 0.02477677 ... 0.00441857 0.04775251 0.02713018]
e132f959ff88d5dd,"[-0.00962223 -0.00821111  0.07091004 ...  0.02026785  0.08300141
  0.07194547]"
2915efc7f5af974f,"[ 0.06418074 -0.04667537  0.16029058 ... -0.00556071  0.09829733
  0.09357933]"
4ef85a145d1e0f51,"[-2.5893055e-02 -7.8531983e-04  2.9147612e-02 ... -6.7997265e-05
  4.3445029e-03  1.5930453e-03]"
3233e956cd173946,"[ 0.00960575 -0.00425037  0.03704318 ...  0.01950242  0.02555115
  0.04501416]"
f546e1ddc97f24c3,[0.03336015 0.03736451 0.06262452 ... 0.00247893 0.04700625 0.01679215]
22f963e37327e380,"[-0.05362267  0.07648217  0.0882434  ...  0.0194807   0.02299122
  0.05057937]"
8d1cd6f00fc1006a,"[ 0.05710349 -0.00902501  0.10324812 ...  0.03201219  0.17033169
  0.15534058]"
d9847749ac96c335,"[ 0.00533013 -0.00225532  0.015179   ... -0.0162456   0.01245712
  0.02986988]"
b3e955dd72fa342a,[0.06838179 0.00776621 0.11842761 ... 0.00696573 0.00750011 0.00696573]
d8949fcb187b18e0,[0.01655789 0.01670117 0.02818431 ... 0.00190424 0.08282508 0.12264962]
b5e78f6ed2c928c7,"[ 0.00352945  0.00498143  0.00549498 ... -0.00610011  0.03762155
  0.0328882 ]"
dc8005e3ef0d81b2,[0.00372745 0.00051323 0.03906004 ... 0.0012145  0.0246875  0.00539671]
3df0c039b3517dc2,"[ 2.50332378e-04 -5.54097960e-06  2.50332378e-04 ...  0.00000000e+00
  0.00000000e+00  0.00000000e+00]"
ed2a15f612d5091e,"[-0.0267105   0.02197844  0.09565029 ...  0.00729186  0.15080643
  0.05591512]"
414357132a296f80,"[-0.01400704  0.00136498  0.09361102 ... -0.01859137  0.03420861
  0.03318547]"
bcffe4e03fe8bd8c,[0.00873423 0.0053198  0.03043744 ... 0.04768927 0.04635582 0.05777685]
7ba5134a4c687d64,"[ 0.04311768 -0.06054268  0.05874963 ... -0.0039832   0.07551166
  0.0362426 ]"
e0431cb82fd55bea,"[-0.00046667  0.054428    0.07705331 ... -0.03198912  0.01281669
  0.07761771]"
5d68ccec308e99b8,"[ 9.0385899e-03 -7.0183232e-05  1.7791137e-02 ... -1.7279342e-02
  4.9862500e-02  7.7149786e-02]"
3572a336fb0f4669,"[ 5.07751629e-02 -1.82489716e-02  1.13979906e-01 ... -1.00469864e-04
  7.37672597e-02  5.09886630e-02]"
5f5795cb583fff10,"[ 0.01379788 -0.00634354  0.03573161 ... -0.02158784  0.1507694
  0.07169589]"
29d70fb67451be64,"[-0.0224966   0.04994151  0.08852074 ...  0.03028608  0.06826665
  0.04632809]"
09aae8f4837a34cf,"[ 0.01409209 -0.00406477  0.02750053 ... -0.03303552  0.02250709
  0.03955727]"
a4f7cc85140de8e2,"[-0.00400285  0.03469865  0.02840984 ...  0.0005262   0.03912028
  0.00949478]"
76d978f352cbabc6,"[-0.04946327  0.06188352  0.11533894 ...  0.02340724  0.01997679
  0.03654172]"
45d7f67dde308626,"[-0.05252431 -0.00437419  0.0688846  ... -0.03801581  0.03939587
  0.05350609]"
813c58397a802874,"[-0.01154344  0.14497334  0.01967447 ... -0.00017907  0.01659501
  0.00702194]"
f5749e7ff3110c80,"[ 0.00982181 -0.01131094  0.09523874 ... -0.0093568   0.02760108
  0.032348  ]"
1475a46aa3313a40,"[-0.01271728 -0.00683609  0.14141053 ...  0.00793401  0.06283819
  0.07521847]"
8930b13031877ccd,"[-0.00119105  0.00728317  0.00888076 ...  0.03762737  0.04832572
  0.05068586]"
f46689ec91194a2d,"[ 0.00116287 -0.00020346  0.00137363 ...  0.01011184  0.04128446
  0.06523803]"
8eb0ef107f9d7d84,"[-0.00396319 -0.04473314  0.05013923 ...  0.00799811  0.05102761
  0.05872826]"
b40c188727ffd6e9,"[ 0.03004982 -0.04878308  0.03825679 ...  0.0030856   0.09085698
  0.04332789]"
6420bf1deb483730,"[ 0.02134119 -0.01951564  0.12991983 ...  0.04611752  0.04531896
  0.05736911]"
05b2f4349a3d791f,"[-6.1941173e-05  1.1077361e-03  7.0194172e-04 ... -1.5169857e-02
  1.3492978e-02  1.6448507e-02]"
13853eef3f7a970b,"[-0.05755493 -0.00320476  0.11359074 ...  0.00385457  0.04062094
  0.01442882]"
ad4489e5a0a9e367,"[-0.00235567  0.0022883   0.00763675 ... -0.00334023  0.02604398
  0.03762981]"
c608024efed5f155,"[-1.3816817e-02 -1.9363089e-03  2.8234491e-02 ...  7.8082419e-05
  4.2292960e-03  9.3960925e-04]"
c7018bcef37a4131,"[ 0.02023338 -0.00709025  0.07326131 ... -0.02069426  0.10579731
  0.03895875]"
be575aee707cbb50,"[ 0.02595333 -0.02727188  0.07289714 ...  0.0236292   0.11110159
  0.08449286]"
640d1c1953a8372b,"[ 0.02841688 -0.04092225  0.16913295 ...  0.0339083   0.03113598
  0.03745397]"
d45262e397dda283,"[-0.02702272  0.00963487  0.05674068 ... -0.01553838  0.1491962
  0.1017362 ]"
f188eef15d6902a1,"[-0.01345453 -0.00548171  0.09808401 ...  0.02812435  0.09810939
  0.04525591]"
1c44fe68cbda6669,[0.01878019 0.00929431 0.05095998 ... 0.04420899 0.096615   0.09709411]
73ec621859caf01d,"[ 0.02364374  0.00313011  0.02387683 ... -0.00197097  0.00119771
  0.00206721]"
0f38f5e5f8b829f4,"[ 0.01357578 -0.0002639   0.16610289 ...  0.02191296  0.02481087
  0.06755213]"
4b0d9313924c4ddf,"[-0.00648078  0.00370135  0.0129627  ... -0.00638201  0.03542669
  0.04605579]"
6cc4db8c7b556a6a,[0.02242137 0.00281646 0.2553962  ... 0.00463968 0.11117478 0.01066236]
aa7cee74dae9aa69,"[ 0.00299041 -0.00352735  0.03034471 ...  0.03593209  0.06596336
  0.06483947]"
50d688c0e380fe06,"[-0.00079787 -0.00324638  0.00121598 ...  0.00274848  0.0035724
  0.00274848]"
460c1599bf3ceb0a,"[-0.14268956 -0.06138707  0.15073758 ... -0.03649855  0.05521854
  0.07072   ]"
a63f26d99eb9bf38,"[-0.03408601  0.00259074  0.05505358 ... -0.00014077  0.00258294
  0.00186493]"
1459508f0963a099,"[-0.00916729  0.00376792  0.0140019  ...  0.0313891   0.05817135
  0.09370808]"
24ac311752880c70,"[-0.02061408  0.02672606  0.10108092 ... -0.03334291  0.08482209
  0.09306939]"
73dc5a87ce589843,"[ 0.00180637  0.01135784  0.03263716 ... -0.03952352  0.06773906
  0.08309478]"
c4f12b578afdd842,"[ 0.02051575 -0.00180169  0.14452913 ...  0.00851577  0.05108605
  0.0259956 ]"
2e5cef88b2e7d0d7,"[ 0.00454618 -0.01185253  0.0347317  ...  0.01358355  0.00653856
  0.01393244]"
ca0179371e71db88,"[ 0.0056482   0.0011139   0.02580884 ... -0.02695413  0.0535799
  0.05707905]"
e9d1808405aa175b,"[-0.00623209 -0.01376016  0.02081881 ...  0.02162846  0.09750135
  0.14344811]"
e7f2c4afc33979cf,"[ 0.01077793  0.10422984  0.11491524 ... -0.02879819  0.169838
  0.15793237]"
c09253936e5634a0,"[-0.03194941 -0.04127123  0.04279418 ... -0.03635646  0.08125146
  0.09582771]"
87a16afa7c1ce67b,"[-0.1160574  -0.0079513   0.15949212 ... -0.05948664  0.02559817
  0.08091091]"
20c390945b648082,"[-0.04096804 -0.03053701  0.04407507 ...  0.00797439  0.01921623
  0.01058377]"
4bebb5c9e3843d9b,"[-0.00768224 -0.02240547  0.07935215 ...  0.08413199  0.03578947
  0.10247921]"
ea71975063bebc69,"[ 0.00068831 -0.00027062  0.00122686 ...  0.00978795  0.03835864
  0.03461148]"
f5a1c5ea2e604734,"[-5.8398554e-03 -8.4008250e-05  8.5137822e-03 ... -2.4087068e-03
  2.2464583e-03  8.7876683e-03]"
3b686a4b718ccae5,"[ 0.00242414 -0.03831483  0.04376415 ...  0.05881529  0.07189054
  0.06208916]"
9dbfdab8edbb4d03,[0.02309135 0.02804861 0.08662778 ... 0.04108695 0.13538273 0.12457634]
f2e0d8e74de8b521,"[ 0.00228803  0.0026585   0.00307573 ... -0.00485184  0.008954
  0.0059977 ]"
8ef295b0a7543dbf,[0.01218287 0.0249158  0.10997468 ... 0.011675   0.10587946 0.09157738]
27a337a91ac110fe,"[ 0.00231876 -0.00185555  0.0073699  ...  0.00489621  0.01862196
  0.00976434]"
08fa4944eb422202,"[-0.00679976 -0.00486722  0.00794569 ... -0.02075326  0.07173961
  0.07091541]"
ae7d171def8133ac,"[ 0.01558841 -0.00288376  0.08479469 ...  0.02994191  0.06249007
  0.05072925]"
07e914bbda7e27fc,"[-0.00926793  0.03298546  0.04774364 ...  0.00055805  0.01188559
  0.00651496]"
34393713b9f552be,"[ 0.00059752  0.00322036  0.00085101 ... -0.02106468  0.03229116
  0.06716727]"
3224dff097e8cab7,[0.02241845 0.010625   0.0466711  ... 0.00546421 0.01917589 0.01246097]
eaefb4b9dac67ad9,"[ 0.01081524 -0.02174584  0.04296613 ... -0.00389483  0.03380958
  0.03817002]"
6bd2971f259a3fdd,"[ 0.00171225 -0.00170778  0.00231544 ...  0.00356962  0.02515348
  0.01184296]"
04cf1bfe5d986a0c,"[-0.04525021 -0.02681964  0.05350928 ... -0.00629863  0.10204741
  0.06394222]"
ac302422810e7097,"[ 0.04088546 -0.00856462  0.1863717  ...  0.01866974  0.08078497
  0.13915057]"
62ec0c7a2377e9c6,"[-0.0333537  -0.00721497  0.10811401 ... -0.00439146  0.08483343
  0.3619135 ]"
cd1e9eb177f5b279,"[ 0.05528168 -0.02858426  0.05978738 ...  0.00050747  0.00072538
  0.00083711]"
4afbee28c549f47d,"[ 0.00696408 -0.02589741  0.09924886 ... -0.08817568  0.10844222
  0.19209819]"
b8dffd6419f2e322,"[-0.12780303 -0.05882431  0.12780593 ...  0.00707893  0.02008127
  0.02150585]"
af6d934f260ae6d8,"[ 0.00757344 -0.00758793  0.02609155 ...  0.00322671  0.01032202
  0.00819101]"
cebb1cb4d392082e,"[-0.02644311 -0.08226267  0.05907044 ... -0.01741177  0.03962877
  0.02322334]"
53278b39b43f9c8c,"[-0.10018546  0.03054711  0.15907075 ... -0.00050479  0.04978717
  0.03976145]"
496f84a95ca85da8,[0.00804732 0.00805832 0.01651557 ... 0.01760389 0.08048363 0.04220042]
ae9372158d67171c,"[ 0.08412908 -0.01028797  0.14013909 ... -0.02067167  0.02690684
  0.02593204]"
930078b3c20483aa,"[-0.03481191 -0.01492416  0.07196865 ...  0.02760302  0.02709105
  0.04195687]"
388736ffbb9eb4b2,"[-0.02525432  0.01027645  0.03494387 ...  0.04272423  0.07966357
  0.04625607]"
03d601007942af69,"[-0.00178955  0.0203748   0.12943281 ...  0.0025523   0.08228169
  0.01803573]"
6954e62548ee0a49,"[-0.00398307  0.01818809  0.0422335  ... -0.02156054  0.11557145
  0.07523981]"
babb89f69ba48488,"[-0.01070725 -0.00033245  0.12125956 ...  0.00864546  0.04167934
  0.05231124]"
21d595a188c8d3c4,[0.00145461 0.0045798  0.00159235 ... 0.07911139 0.09914437 0.15709937]
b75c3952afa5361d,"[-0.02422833  0.01202112  0.02934916 ... -0.00765233  0.02631845
  0.01909196]"
e756a87ff7d57731,"[-0.01039045 -0.03801009  0.04420349 ... -0.02040731  0.0531464
  0.0579913 ]"
38d433856ea56441,"[-0.00472108 -0.00070349  0.00610057 ... -0.09067567  0.05745503
  0.10047265]"
99c7161abb287927,"[-0.0695198   0.03133369  0.06999461 ...  0.00580732  0.09699927
  0.08469164]"
e599a9a56d8c7a20,[0.01639831 0.00911684 0.10016038 ... 0.01632271 0.07756876 0.04220328]
9795b1f7f83b711c,"[-0.01956509  0.01400314  0.04638057 ... -0.00448786  0.08484699
  0.01957586]"
ff1d5c436fd1077f,"[ 0.005849   -0.0075502   0.03242635 ...  0.03429034  0.13206439
  0.08998157]"
98ec4585b6173569,"[ 0.08898953  0.00499267  0.12173719 ... -0.02925808  0.0699583
  0.05912955]"
3eda9455a064cd61,"[-0.02954548 -0.00243657  0.09627489 ...  0.00404357  0.17463948
  0.1632239 ]"
9b68b1c912f22cc2,"[ 0.02423745 -0.03358406  0.03294418 ... -0.03245365  0.03737587
  0.0384961 ]"
66179cc7c90ab49f,"[-0.01356713 -0.01674176  0.04361663 ... -0.00321406  0.02684257
  0.01165847]"
4b2156307ba56c16,"[-0.01756869 -0.0013588   0.04342829 ... -0.00673336  0.1360518
  0.09660033]"
214c103975daffb7,"[ 0.00243344  0.00178816  0.00243344 ... -0.01076726  0.02270461
  0.03197504]"
11957a9fa201a313,"[-0.02642308 -0.00681672  0.03410008 ... -0.00577969  0.1351256
  0.0975408 ]"
2a9129d5d775197e,"[-0.06752109  0.00603029  0.08009176 ... -0.00225255  0.02406548
  0.02205615]"
7274176b4e6ca5c5,"[ 0.04091369 -0.03045163  0.0638248  ...  0.01343132  0.05928541
  0.04348511]"
2de9e71139bb3656,"[ 0.00341705 -0.01576445  0.04825028 ... -0.00144291  0.0744511
  0.10070603]"
7b251707f1d97494,[0.05078327 0.01058255 0.07316952 ... 0.008265   0.09311534 0.05690929]
7d78fc20dc11d467,"[-0.02664966 -0.01538395  0.09016751 ...  0.00368189  0.0375069
  0.01563883]"
6c1b01259ae87ddc,[0.00213712 0.00265335 0.09294116 ... 0.00564497 0.04880566 0.03674227]
55418f4c3e23b4b8,"[-0.01618402 -0.3249598   0.01735868 ... -0.09613504  0.01001544
  0.09616484]"
c2584780baededd1,"[-0.00736191  0.04535137  0.01569228 ...  0.00596818  0.08253346
  0.06197776]"
22f1cde01ebe8c52,"[ 0.00778008  0.00572471  0.03210257 ... -0.03236406  0.02222812
  0.04562851]"
928b089b31f1aeb5,"[-0.00863813 -0.01184157  0.02385296 ...  0.00131014  0.06862529
  0.09846401]"
8c134c913012645e,"[-0.03366237 -0.00853138  0.05237304 ... -0.01013107  0.03716375
  0.01176181]"
c1b4ccd781629ae5,"[ 0.00883343 -0.00286103  0.10875987 ...  0.03729918  0.07115589
  0.05801259]"
ccdada269e27cdb2,"[ 0.01099668  0.0197274   0.08137696 ... -0.00142921  0.00291175
  0.00152295]"
770d9b6f6b8afc81,"[2.10976750e-02 1.94782391e-03 6.25569448e-02 ... 1.32803425e-05
 2.65104987e-04 1.59384017e-05]"
523a9e551c3d98ff,"[ 0.00175036 -0.00960677  0.00223411 ...  0.00187732  0.00277944
  0.00193477]"
5dd3d58319a7a765,[0.00301684 0.02934609 0.04399372 ... 0.00076047 0.00556356 0.00123257]
48724a0a9310e46a,"[ 0.06338175 -0.01086948  0.08112317 ...  0.0106358   0.11136425
  0.04852113]"
e0db49a317907275,"[-2.2410150e-03  4.2182099e-05  1.4629725e-02 ...  3.2307385e-03
  5.5109266e-02  7.4174561e-02]"
6dd3be75cc12246c,"[ 0.00106155  0.00236654  0.01454926 ... -0.07327314  0.08886319
  0.10336414]"
74161bbe2a6fb8fd,"[ 0.01857152 -0.02176085  0.05631316 ... -0.02313324  0.11461048
  0.12057605]"
2c9dd0543aa1d79a,"[-0.00051711  0.01630702  0.03674797 ...  0.04448508  0.12593818
  0.08476011]"
22c16dc79888c873,"[-0.01031532  0.00889091  0.02013313 ...  0.00451298  0.0526895
  0.01165402]"
f7a1e91d33137ab9,"[-0.02651692  0.02682506  0.0539792  ... -0.01682507  0.04881507
  0.06098339]"
5453dbaeb41e3b94,"[-0.00372067 -0.00450027  0.01369141 ... -0.02316719  0.02888389
  0.03335514]"
498275f90dc99161,"[ 0.04536776 -0.06183518  0.10919691 ... -0.02281055  0.04884199
  0.062155  ]"
129858b49424a4b6,"[ 0.00283568 -0.00595729  0.03878997 ...  0.01942203  0.0423145
  0.06945818]"
da6a1c07f059d73b,"[ 0.00111419  0.00121696  0.01503997 ... -0.04918804  0.10664947
  0.08303671]"
184da671b750c7d6,"[-0.00927367 -0.01429716  0.11323301 ... -0.08807167  0.1099234
  0.10911376]"
34e40aea27f671b2,[0.09839715 0.06431796 0.15748174 ... 0.0032453  0.07702069 0.06975392]
1d5013b69f412b85,"[ 0.04111974 -0.01394795  0.07098823 ...  0.02311639  0.016967
  0.03566898]"
872b59fd893ac35c,"[-0.02738231  0.01600823  0.07693502 ...  0.04119383  0.10177722
  0.0445588 ]"
5ab4ed8b713b60b0,"[ 0.01466705 -0.00021951  0.08348641 ...  0.00711573  0.14172019
  0.0412009 ]"
a23c6fb9312b6cfa,"[-0.02217314  0.0014408   0.02759775 ... -0.02356016  0.00747597
  0.02635001]"
f071c1ab1d33e6b9,"[ 0.01661417 -0.03380094  0.17206417 ...  0.01981817  0.05091419
  0.07407521]"
0064fd27f65b6901,[0.02176366 0.01935171 0.09226557 ... 0.04532707 0.0242052  0.06405034]
0bded5ef88d5bc30,"[ 0.02157074 -0.02848626  0.07769391 ...  0.01047507  0.08427132
  0.11591225]"
71a16501f7f0d929,"[-0.03438984  0.07939617  0.11597658 ... -0.00332095  0.01722634
  0.01811904]"
e70ac3cc897ed132,"[-0.00583596  0.01247304  0.02192863 ...  0.02170873  0.04401559
  0.04834957]"
93718a4c72a2c8a6,"[-0.00774649 -0.04666028  0.06767604 ...  0.00554309  0.01894212
  0.00767905]"
3bdb70e5ed64c186,"[ 0.05476564 -0.01292801  0.06040538 ... -0.0147359   0.0233854
  0.02764458]"
b1f7e8f7c1bf57e5,"[ 0.00731625 -0.0033896   0.06322094 ...  0.00599859  0.0648303
  0.0320215 ]"
9d78a5ee8c1b8edd,"[ 0.00425023  0.00165698  0.01102853 ... -0.0418148   0.02855464
  0.04199896]"
4395763a8528f5cf,"[-0.00171966 -0.00482418  0.02115866 ... -0.02597798  0.02373103
  0.02810008]"
da571d37e9d912b0,"[-2.5824003e-02 -7.5442156e-05  1.8294688e-01 ...  5.7228509e-04
  1.5120670e-01  8.3636172e-02]"
89b72699b8d201b2,"[ 0.00152317 -0.00352434  0.03390626 ... -0.05537531  0.07396299
  0.06568275]"
40e10b869ec51f6b,"[-0.0226432  -0.00317094  0.04140653 ...  0.0004647   0.07287197
  0.01383872]"
6f496d8c949363db,"[ 0.01591546 -0.0238287   0.07616055 ... -0.00864992  0.05045424
  0.05202629]"
9e98ce57c923a80c,"[-0.01162004  0.01137402  0.02110915 ... -0.00890278  0.00615765
  0.03048701]"
20f6936c3eed3cd4,"[-0.06771293 -0.02751199  0.06843011 ... -0.10392206  0.25202444
  0.40805253]"
50a353cac268d0f6,"[-0.00615142 -0.02961701  0.14319323 ... -0.04774318  0.04040018
  0.05730337]"
ef4c2f47de4522cb,"[-0.04208048  0.00424559  0.0877251  ... -0.00221747  0.02467616
  0.01714645]"
1961a62afe3d673b,"[-0.01509169  0.01860187  0.04104159 ...  0.00665236  0.02958326
  0.05444856]"
1a2ff4ff91080657,"[-0.0031598  -0.00563694  0.00519103 ... -0.00421068  0.10346803
  0.06932564]"
9c5f1cea9834d581,"[-0.05845306  0.02734036  0.10334088 ... -0.00758019  0.00400682
  0.00800364]"
17f6122fa7629f04,"[-0.0056426  -0.00534307  0.0335558  ... -0.00893962  0.04696424
  0.05993011]"
fa32be3ae513ccf2,"[-0.00371548 -0.00076742  0.02890619 ... -0.04307825  0.06841666
  0.05651108]"
882f4ec33c19b9ef,"[ 0.0020857  -0.03119995  0.02426212 ...  0.03423195  0.10855903
  0.121546  ]"
bab03cde66e76c3b,"[-0.00214458 -0.00248514  0.00663431 ... -0.10149398  0.04890194
  0.11297893]"
2a3ad02780a2fd4a,"[-0.02673544  0.0044399   0.02735499 ...  0.06460256  0.33790815
  0.09492715]"
93e0b0f871b33b61,"[ 0.00242037  0.00378894  0.02087297 ... -0.0290012   0.02250529
  0.02907794]"
cda2a2dc22e68ada,"[ 0.00123956 -0.00497174  0.0544741  ... -0.01989164  0.06186861
  0.05688203]"
6361ba922e076299,"[ 0.001699   -0.00257394  0.0303321  ... -0.06862494  0.07835756
  0.08413937]"
33d81ce396c65bd2,"[-0.00034102 -0.00767648  0.02739994 ... -0.00140293  0.02224302
  0.03763166]"
58102206b20be75e,"[ 0.00405484 -0.00073358  0.02227364 ... -0.0005507   0.00470609
  0.00056451]"
1fc9228751d1fd7d,"[-0.00762931  0.03211093  0.02786255 ...  0.01033978  0.01970567
  0.02392504]"
195659ea8b7889c6,"[-0.06907211 -0.01053318  0.10819147 ...  0.11800671  0.02064558
  0.1283289 ]"
db03b365d6c59c7b,"[-0.03979902  0.06795491  0.08764246 ... -0.01842189  0.02280205
  0.03080844]"
7e55ffbf4ed9f338,[0.06344054 0.0091085  0.06761435 ... 0.01715505 0.04266655 0.07447063]
e49545c81793292d,"[-0.03183921  0.1171815   0.03492417 ... -0.05616204  0.10631306
  0.16447292]"
9c4f58003431e956,"[ 0.01425566 -0.01694655  0.01981167 ...  0.00046988  0.01876862
  0.00742253]"
e6da83e236bae1ba,"[ 0.0582764  -0.01906668  0.0710723  ...  0.00077271  0.00527202
  0.01531435]"
cd965a312bbb2411,"[-0.00219835  0.00352759  0.00589474 ...  0.01393797  0.0384963
  0.02244116]"
7122de557df3cb93,"[-0.04173223  0.02977721  0.10102978 ... -0.02692769  0.05369329
  0.08614507]"
d4f14e6c35f5c0d9,"[-0.00228442  0.01021794  0.00284235 ...  0.05030475  0.08197413
  0.0618183 ]"
526a1b4ec73497d2,"[-0.05035057  0.12302448  0.14626303 ... -0.00388672  0.00337133
  0.00539612]"
bf6ce233e5c62b43,"[-0.00354226 -0.00350707  0.02844604 ... -0.0011223   0.1038175
  0.02720563]"
b74090fabcca8b69,"[ 0.00489273 -0.00078082  0.06464329 ...  0.03187265  0.06232573
  0.11450607]"
ac4d167253441a7f,"[-0.00811047 -0.00622155  0.01870942 ... -0.01239253  0.03291124
  0.04116343]"
1f07fafa4582fa53,"[-0.01895497  0.03610013  0.12399692 ... -0.05825189  0.14256056
  0.12097179]"
47832b107fe8408e,"[-0.05156742 -0.01448015  0.1110929  ...  0.0264826   0.04570858
  0.07618193]"
99c4c1efe5304856,[0.0007455  0.01906438 0.09273445 ... 0.04009878 0.07035248 0.1141388 ]
261dae1efbe3b21a,"[ 0.00072925  0.02200677  0.03366012 ... -0.0006151   0.00742663
  0.00243887]"
acdd90dfcbeafa66,"[ 0.000153    0.00389291  0.000153   ... -0.0079187   0.11027161
  0.07040706]"
40661131d069cbcc,"[-0.01038257 -0.00377308  0.01605273 ...  0.02580288  0.1394381
  0.12903066]"
b63de4445b55e510,"[ 0.01266659  0.00442736  0.06979401 ... -0.01052758  0.04092211
  0.03868712]"
e318b56092771ef6,"[-0.01742527  0.04476329  0.03995311 ...  0.00915657  0.07417792
  0.11409791]"
427bcb1c6e331566,[0.006874   0.00165908 0.006874   ... 0.00249811 0.05585367 0.02646512]
b812e4f77f66dd0f,"[ 0.05251762 -0.02575692  0.088135   ... -0.00194317  0.07304442
  0.02489656]"
433e8ac91d68ffa2,"[-0.00081424 -0.00297338  0.02345113 ...  0.0190761   0.10075788
  0.04435486]"
896236d52824cba3,"[ 0.01358134 -0.01653094  0.11031245 ... -0.01637677  0.14886807
  0.071821  ]"
799f432615c85ef8,"[-0.00677678 -0.00577783  0.04619388 ... -0.08201268  0.07926143
  0.09043285]"
9b3c24973b7a41c6,"[-0.08339834 -0.07655494  0.09351834 ... -0.00373144  0.09341016
  0.12443793]"
ab099add19126ce3,"[-0.05537971  0.04177171  0.06906169 ... -0.00259376  0.01889957
  0.00918045]"
50e1d7ecbf8aa1cf,"[-0.01802272 -0.09089936  0.0670496  ...  0.02649388  0.07652899
  0.03843122]"
a8df7f9a6ed44024,"[ 0.0047389  -0.00836279  0.04766341 ... -0.01398006  0.05223043
  0.11388484]"
1192720bd2184f7b,"[ 0.01477279  0.01191072  0.02384982 ... -0.0210584   0.1434604
  0.09571243]"
58ccde81c25f232d,[0.03457539 0.00497558 0.12555645 ... 0.05231403 0.06313133 0.11046345]
29ff55d8beeb89ea,"[-0.00974563  0.0404545   0.07618183 ... -0.00753294  0.02520232
  0.03171255]"
d036144fe2769732,"[-0.07831053  0.0034823   0.10593022 ...  0.10190433  0.1256627
  0.163998  ]"
4b06bfdef56ca232,"[-1.67893711e-03  1.33428675e-05  5.37339263e-02 ... -5.94449006e-02
  9.02754888e-02  1.05537869e-01]"
61a352a45f29ee37,"[ 0.01176121  0.0428408   0.10444518 ... -0.02000692  0.05053824
  0.05197718]"
44a0dd1169996925,"[-0.09045066  0.01050575  0.1442381  ... -0.01817128  0.05791146
  0.0555031 ]"
b79aefbcfc2b096b,"[ 0.01286705 -0.00842609  0.01703095 ... -0.02186757  0.02788979
  0.0390985 ]"
7a20100eb8cb0458,[0.00510712 0.00549468 0.01034307 ... 0.00311894 0.03226453 0.03741596]
e0a1aff49bf8be10,"[-0.00512639  0.00095649  0.00554979 ... -0.01245333  0.04911768
  0.1245703 ]"
f25d1fa9c60bace3,"[ 0.00294883 -0.00296237  0.04767843 ...  0.00930917  0.16223004
  0.03188294]"
873b4178817790d3,"[-0.01695799  0.03647109  0.15263885 ... -0.04926883  0.05673262
  0.07568671]"
dc10799e4e4a723e,[0.00625929 0.00541019 0.03985887 ... 0.02432634 0.13782781 0.08153711]
20a6a13f9cc1e39e,"[ 0.0677596   0.02071879  0.1042028  ... -0.00495769  0.0066234
  0.00505353]"
1413281f3d5fd9db,"[-0.00787875 -0.00809401  0.02448747 ... -0.00190047  0.00935065
  0.04681337]"
a42b44993c53a629,"[ 0.01759196 -0.03597668  0.10928857 ...  0.01361272  0.07860424
  0.05934506]"
8a75d94069b37b50,[0.01307101 0.00766963 0.06149484 ... 0.00420868 0.07017303 0.07136045]
7b7e2cfc00a987f3,"[-0.05499281 -0.04473362  0.1097458  ...  0.00143109  0.02995261
  0.00799486]"
c41b8b7bb24b9998,"[ 0.02335574 -0.02737394  0.09157863 ...  0.01118507  0.0781904
  0.07650378]"
9b786f7a35ee00fb,[0.03292273 0.00127176 0.04182272 ... 0.04374166 0.03272807 0.04976092]
0e658b4e354069e7,"[ 0.00622342 -0.01715952  0.03335695 ... -0.00701515  0.06678705
  0.01630613]"
b5000307ee1ca9db,"[ 0.03460225 -0.00049096  0.05707502 ... -0.00967849  0.03819037
  0.02775553]"
1a264ccb88fe9554,"[-0.03414426  0.01662342  0.04481751 ... -0.0376447   0.07327511
  0.05425756]"
32df05dcf69dd519,"[ 0.02948599  0.00129399  0.11632754 ... -0.00163828  0.03978413
  0.02564142]"
e19019464a3f24a3,"[ 0.00583645  0.01229937  0.09771789 ... -0.04857187  0.11565379
  0.09247852]"
b4d50011ced23a6e,"[-0.00350777  0.00141631  0.02130956 ... -0.00024711  0.00071638
  0.00142215]"
e408cec0e776f91b,"[-0.01969786  0.01518714  0.04368856 ...  0.01811913  0.07386392
  0.11261951]"
a0e4c1ac31217a19,"[-0.00100794 -0.00858853  0.08254629 ... -0.0535966   0.15670359
  0.06875805]"
d1d0f487afa1e61b,"[-0.0063287  -0.01685109  0.01904307 ... -0.0151281   0.04219742
  0.06884214]"
7334925be16066f5,"[-0.03346064 -0.01362228  0.07283922 ... -0.01088521  0.09930601
  0.11910992]"
a6cca410cb7f01b2,"[-0.00700967 -0.01434153  0.01426926 ... -0.01223539  0.10065956
  0.02878152]"
a5a00b67ec651d90,[0.03831364 0.01871603 0.05208104 ... 0.00144335 0.05828337 0.13553472]
9ec3531ba8e49de5,"[ 0.01210632  0.00623909  0.02268187 ... -0.00237865  0.03635995
  0.00359712]"
7bbdf158eb9efe25,"[-0.00682068 -0.00872619  0.00956443 ... -0.01014746  0.03935172
  0.02399847]"
4988d0b60f37376e,"[ 0.00678744 -0.00262736  0.01507934 ...  0.03953539  0.12636359
  0.12288066]"
9bf2b16b23ea82e8,"[ 0.01348324 -0.00757531  0.07621205 ...  0.02480166  0.06742547
  0.15182517]"
45a20d1dfa512135,[0.00117871 0.02441228 0.00117917 ... 0.00300552 0.00496405 0.0031345 ]
6fc28b2d15180b61,"[-0.03050185  0.04030933  0.07737093 ...  0.00594395  0.02075849
  0.01241308]"
b17ab10279b63ba8,"[ 0.08166531 -0.00270034  0.09026658 ...  0.02691331  0.13321926
  0.1491611 ]"
3d2b9165e9d610c2,"[ 0.03680871 -0.03527588  0.03891557 ...  0.00034727  0.00124255
  0.00042781]"
af29a9fac1958aa1,"[ 0.08270202 -0.04834065  0.08686855 ... -0.00213439  0.02276146
  0.01613091]"
56d8f172c926b624,"[-0.00947133 -0.00438203  0.04266814 ... -0.01366993  0.03598981
  0.02140493]"
530db74bfbda9abf,[0.00925112 0.01734527 0.02769501 ... 0.01670298 0.07414732 0.09159566]
f43f7d47c260377e,"[-0.00058125 -0.07873248  0.065236   ... -0.00881483  0.10109836
  0.08322712]"
ecd857884464154d,[0.03563061 0.0526033  0.07438294 ... 0.0081013  0.06664862 0.07300758]
b088685e3a26d871,"[ 0.0036053  -0.0009382   0.01522618 ... -0.02838807  0.01437839
  0.03227521]"
49c2ff777b9f8acf,"[-0.00488376 -0.06673981  0.03143005 ...  0.00186099  0.00479098
  0.00789505]"
f8b8c20231d55d45,"[ 0.00483289 -0.01012595  0.16225252 ... -0.00855308  0.01138911
  0.02009802]"
84401f46fb71c190,[0.02512821 0.00297494 0.18858798 ... 0.03072376 0.03078737 0.04470058]
a84e1acc2e89593a,"[ 0.02212128 -0.0023322   0.13819535 ...  0.02078859  0.08587198
  0.03648336]"
b4592759b758d39b,"[-0.00536247  0.00628307  0.00884013 ...  0.01420356  0.03737583
  0.04097819]"
bc06f8088e906a25,"[-0.00797925  0.0240443   0.01538534 ... -0.15778409  0.35290638
  0.48760647]"
c1a40baf003682fb,"[-0.01440534 -0.00137682  0.0755479  ... -0.01256234  0.02774652
  0.02743446]"
2c84af1665323319,[0.03808475 0.00715482 0.04642276 ... 0.01449932 0.03759555 0.02503289]
e43c1778fb3bb3db,"[ 0.02981989 -0.01162357  0.09601077 ... -0.01978086  0.05403746
  0.03263548]"
4e9cbed4eeb91f7f,"[-0.03976002 -0.08237191  0.08135615 ...  0.03923415  0.10524225
  0.10086184]"
d89020451295cc91,"[ 0.02882855  0.0289877   0.09622511 ... -0.01735032  0.04816526
  0.05171035]"
fa2a79ac9fcebafd,"[-0.00499741  0.00163461  0.06644443 ... -0.01663746  0.0464742
  0.0358127 ]"
26c2f94e19c31fbb,"[-0.00046488 -0.00576933  0.05128816 ... -0.00380435  0.01807661
  0.01987553]"
871bab2a57727153,"[-0.00470035 -0.00366789  0.00692774 ...  0.02210413  0.06519829
  0.03865123]"
839d169d085e303a,"[-0.00171594  0.00214419  0.02835091 ... -0.00776621  0.07067671
  0.07751627]"
d917cece150cc109,"[-0.00091996 -0.00211021  0.07368216 ... -0.02081434  0.08225015
  0.09156643]"
22b494fbfb4c34e7,"[-0.00628085  0.02584596  0.02243047 ... -0.0387801   0.09963106
  0.0888603 ]"
52cb48eb1326c3d1,[0.0176844  0.0659067  0.04040038 ... 0.11382609 0.02569717 0.12700956]
288fa28ed40d918e,"[ 0.00459172 -0.02008886  0.02185247 ...  0.02943789  0.14951596
  0.1090695 ]"
3f6457b7c6784e98,"[-0.05036344  0.08156981  0.10054739 ... -0.00997038  0.05458662
  0.08783081]"
dcaa00d3e3cc3442,"[-0.00066277  0.00943338  0.03533713 ... -0.01412943  0.03219128
  0.08174519]"
b592e6eca0d0743c,"[ 0.00517788  0.00090805  0.02312989 ... -0.01760812  0.00873088
  0.05829143]"
18e6412fcf714e93,"[-0.01702603  0.00882133  0.03287984 ... -0.03616469  0.12359592
  0.05727294]"
b8f1b25475d3549f,"[ 0.03314088 -0.01118797  0.10615458 ... -0.0007223   0.01420147
  0.01242465]"
f569498780e7761a,"[ 0.01019404 -0.00363127  0.01322938 ...  0.06004791  0.10137038
  0.08262664]"
3f28734f3d07dcfe,"[-0.01125025  0.00547864  0.05479165 ...  0.00131523  0.0251326
  0.02219574]"
6db1b296dc2890bb,"[ 0.02791225 -0.02955136  0.06261116 ...  0.01344439  0.02018855
  0.02245296]"
8ad2421a99f95943,"[-2.37717586e-07 -1.15612735e-07  2.37717586e-07 ...  1.02605268e-01
  2.44201254e-02  1.02868304e-01]"
67158d616f7f8c59,"[-0.00314411  0.00073451  0.00391961 ... -0.00532572  0.00354131
  0.00717009]"
343deeccff9cfb13,[0.0004669  0.00303988 0.0016684  ... 0.00237524 0.02675689 0.00334058]
3c40d50b333c0d4b,"[ 1.0627505e-05  5.7394191e-04  2.3153877e-04 ... -1.4770074e-02
  9.9075869e-02  6.7106210e-02]"
ad1ee13d3c629cab,[0.02667758 0.05078997 0.09874444 ... 0.00353618 0.00435838 0.00557414]
7eacb5703f527173,"[-9.6460235e-06  2.2684453e-02  3.8753401e-02 ... -3.6277440e-03
  1.8708266e-03  3.6277440e-03]"
9192ecf0374c83e1,"[-0.00306582  0.00391607  0.01092911 ... -0.02622461  0.05092739
  0.03541069]"
8fe6b19e0320fd3a,"[ 0.07131146  0.02473705  0.15710367 ... -0.00771528  0.05278129
  0.0335527 ]"
f30f8c81cc6204f0,"[-1.6148432e-06 -6.6856005e-06  4.0909526e-06 ...  3.8810302e-02
  6.6039518e-02  9.9536441e-02]"
f92fa6b19b56aa0a,"[-0.01662735 -0.03673673  0.03701697 ... -0.02603248  0.0943649
  0.05693985]"
9deb5ba74a7d001f,"[-0.02031582 -0.02719475  0.10136734 ... -0.0573154   0.05072704
  0.13099359]"
1c255c6dfba6c3c4,"[-0.02915134 -0.01272513  0.07240064 ... -0.01819603  0.08952141
  0.02425366]"
11afa4dd7c8bf395,"[-0.00531138 -0.02647206  0.02545177 ...  0.02631306  0.04936126
  0.03528752]"
11a16327036ef2a2,"[-0.00556952  0.01609636  0.01192977 ... -0.00870435  0.0461813
  0.04978815]"
3380ccf3b550e3d0,"[-0.03182998 -0.02652374  0.03631652 ...  0.00882072  0.09026678
  0.04722613]"
639b9babad410d1a,"[ 0.04809238  0.0062969   0.06705949 ... -0.0045467   0.02881612
  0.0209963 ]"
9aa2e89b95c28c0d,[0.05607964 0.02498641 0.09809679 ... 0.00070068 0.00137682 0.00101171]
7fe969aee27eecd4,"[ 0.06603058 -0.00021949  0.14621821 ... -0.00043113  0.02621143
  0.01613123]"
a9a3609df0108163,"[-0.01429752  0.01666882  0.04631801 ... -0.03587276  0.14758298
  0.04758418]"
61c604e9d0135ce5,"[ 2.6787942e-05 -6.5374434e-07  2.6787942e-05 ... -1.5558046e-03
  1.8547823e-01  6.1136700e-02]"
63c98cdca22519ab,"[-0.00811556  0.01452893  0.07657055 ...  0.00127685  0.05163085
  0.0535691 ]"
b972ab21410385bb,"[ 0.02287391 -0.01096144  0.1356274  ...  0.01400892  0.13285759
  0.09828179]"
4913e8ea6d854f3d,"[ 0.00792591 -0.00248189  0.00792591 ...  0.01883306  0.03268222
  0.06602631]"
22eff343b3836fb3,"[ 0.00340633 -0.00090694  0.00381181 ... -0.0051732   0.07402553
  0.06527135]"
b6fa017c0dd05323,"[-0.00901213 -0.02006099  0.12198152 ...  0.00449654  0.04099848
  0.04512959]"
dafd5014b25de109,"[-0.03079152  0.00048867  0.06203684 ...  0.0162798   0.03583058
  0.02984186]"
a94248cdbbc32bf8,"[-0.01664274 -0.00623952  0.02592092 ... -0.0104888   0.11075231
  0.01205625]"
90800d4e6a797380,"[ 0.00742349 -0.02146953  0.07236    ... -0.0090217   0.13090725
  0.09951717]"
ba33995e7b3b233f,"[-0.03090418  0.00391686  0.14247496 ...  0.00229438  0.17789215
  0.01004472]"
3b3fd2f4c449698d,[0.00202062 0.0003262  0.00282    ... 0.01333317 0.1455957  0.0980294 ]
e78b5cefa00d50a9,"[ 0.00273254 -0.00492374  0.00294602 ...  0.00432699  0.00391058
  0.0048811 ]"
26e404ebb9267e07,"[-0.00225706  0.00384437  0.02895487 ... -0.00404537  0.00288585
  0.00409483]"
c6969a7240e99797,"[ 0.05669654 -0.02444087  0.10396447 ...  0.02016903  0.1310666
  0.1359845 ]"
54a811800ecb57d2,"[-0.00213684  0.00516737  0.06455305 ...  0.09666027  0.07081388
  0.09784433]"
41c388f816a9ecae,"[ 0.00047349 -0.06866951  0.10291171 ... -0.04041539  0.07167251
  0.05684158]"
5d3b62614e075887,"[ 0.00299253 -0.0168116   0.01131606 ...  0.0193807   0.01022201
  0.02037093]"
ddaba00a38e8f419,[0.00478655 0.02083978 0.04611061 ... 0.05120854 0.09342557 0.1403563 ]
b2051b369484343b,"[ 0.00038917 -0.07897081  0.0174799  ...  0.03242079  0.05692547
  0.04071384]"
4e67e06ba144a637,"[ 0.01334294 -0.02415984  0.06290221 ... -0.00596751  0.05072466
  0.01626353]"
a6fc62fb921ca66f,"[-0.00837249 -0.01593936  0.02147077 ...  0.01583735  0.0754621
  0.07379878]"
186f304309ea56b7,"[-0.0166693   0.00317596  0.05585656 ... -0.09717956  0.05086499
  0.10339691]"
bed9d99b6d9b77ad,[0.03913323 0.00339031 0.10191313 ... 0.01823439 0.01259537 0.02787836]
c05278fdcb71c353,"[ 0.00292935 -0.00521013  0.00730872 ... -0.03540592  0.02234079
  0.12838124]"
69fec467648ab710,"[ 0.02213707  0.0289494   0.06137973 ... -0.01523781  0.01326328
  0.0171413 ]"
5ac80fa4bceafb87,"[-0.0102536  -0.02608986  0.05849515 ...  0.02192198  0.03294123
  0.05353186]"
f36df5b2dba8bee6,"[-0.00536295  0.00477448  0.00550839 ... -0.10258128  0.02482572
  0.1036277 ]"
9e3e78371f999c75,"[-0.00048934  0.00169441  0.00176146 ... -0.00064955  0.02693681
  0.03987427]"
e86c3c992591d147,"[ 0.02395821  0.02213048  0.02564837 ... -0.01554041  0.04088783
  0.03177628]"
156236bf0391670b,"[-0.01459572  0.01492505  0.09341522 ... -0.03027966  0.07795502
  0.06171207]"
06200b7b9603c468,[0.01983925 0.00532743 0.07737645 ... 0.03827947 0.0347677  0.04857312]
bf1aa395467b4169,"[-0.02622332 -0.0127424   0.03321028 ... -0.06472746  0.01594853
  0.06551665]"
fe10e8724d7710ea,"[ 0.00640397 -0.00494825  0.02399413 ... -0.02544197  0.03604944
  0.04313871]"
3b2e046974c6aff2,"[ 0.00802573  0.01437118  0.0086531  ... -0.07429247  0.11745745
  0.10306425]"
56964e81759bd032,"[-0.02070743 -0.004882    0.03357296 ...  0.05144123  0.06713961
  0.10163494]"
47e85a13b63384c8,"[-0.0072796  -0.02438815  0.05479023 ... -0.00317948  0.18688165
  0.05572211]"
76a371168d063621,"[ 0.06310248 -0.03944166  0.11762327 ...  0.00307965  0.00780529
  0.00619689]"
f7badf066ece6c79,"[-0.11468074 -0.03017939  0.1747748  ... -0.00456836  0.14969358
  0.04427798]"
0b77cb7e21eb17dc,"[-0.08517392  0.01951081  0.14697085 ... -0.01357847  0.05366036
  0.10731262]"
c8f261fa0568afb0,"[-0.00257463  0.03019223  0.03719466 ... -0.02466638  0.04168485
  0.02990271]"
552a01f94d953d2e,[0.00502067 0.00968166 0.00538519 ... 0.03552599 0.07315733 0.10638692]
da6e3c16e830a197,"[-0.035494    0.00732087  0.10522914 ...  0.0075753   0.04100442
  0.04950465]"
f963bfebd4f62b17,"[ 0.01022457 -0.01607466  0.02101214 ...  0.02591487  0.01884113
  0.02993679]"
2cf049018227375b,"[ 0.0294772  -0.01706422  0.05039652 ...  0.00495343  0.10854243
  0.08340333]"
74b1dde68865e54f,"[-4.6512373e-02 -7.2782012e-03  6.6406168e-02 ...  1.3696024e-05
  7.3886708e-06  1.3696024e-05]"
8817228d24e529c8,"[-0.01917557 -0.00369224  0.02577011 ... -0.00204428  0.03096053
  0.0111811 ]"
06dde6cc10c49561,"[-0.00046058  0.00095133  0.00118519 ...  0.01199947  0.02938311
  0.04042163]"
b8564648f442ba68,"[ 0.07837926 -0.00901491  0.09060374 ... -0.02735399  0.04652084
  0.12531014]"
d687f940c3a5494a,"[ 0.02319561 -0.01598797  0.03541974 ...  0.01443333  0.01761184
  0.02242997]"
25b35522803c2c3f,"[-0.00404341 -0.01956549  0.02736537 ...  0.10551505  0.205179
  0.66512233]"
a1fc112c266b7be1,"[ 0.00024375 -0.01309615  0.00410489 ... -0.00020898  0.02151518
  0.00990057]"
e75ec07b7b4c945f,"[ 0.00142794 -0.01243116  0.06674921 ...  0.0510865   0.07567966
  0.05580413]"
a69709c54a3419c0,"[-0.00942058  0.01277573  0.08691167 ...  0.0210723   0.07483147
  0.07452436]"
e2bdd5eaae779a6b,"[-0.02103041 -0.0049617   0.03152626 ...  0.00097263  0.00081734
  0.00099227]"
c9aced441991067a,"[ 0.07512917 -0.05058898  0.08449984 ... -0.00183988  0.01231358
  0.00496686]"
76827f4ea50feb79,"[ 0.02115011 -0.00742364  0.13985829 ...  0.02773665  0.0734013
  0.04667616]"
378e26d47fc10897,[0.00446188 0.00268282 0.00760021 ... 0.01361042 0.08565991 0.0368484 ]
f848dc9e2d6be3a3,"[-0.02319065  0.01595084  0.05176403 ... -0.01229713  0.01430023
  0.03214777]"
6b8cbdb47f5ad7df,"[ 0.01555982 -0.00398307  0.07446761 ...  0.0359832   0.11066124
  0.07923631]"
d1856408762ece33,"[-0.01484743 -0.0144727   0.05590985 ...  0.00092313  0.05247118
  0.02895528]"
0f137b9f539e0357,"[-0.00121188 -0.02646878  0.01337803 ... -0.00302361  0.05076835
  0.03908163]"
c39961feec3aa105,[0.00970462 0.02985713 0.10246451 ... 0.01877205 0.12830935 0.08629087]
289de1a1a90576eb,"[-0.00983006  0.02625628  0.03584206 ... -0.01863444  0.0905593
  0.04431923]"
7abaf152cb047ec6,"[-0.04191931  0.0570307   0.04557743 ... -0.02233938  0.02235061
  0.02512877]"
4aeb090f28818461,"[-0.00077132 -0.00303584  0.0384866  ...  0.01615295  0.01838658
  0.01901411]"
8b150a6d699132ab,"[ 0.00168175 -0.00256923  0.0180412  ... -0.00452214  0.00288131
  0.03640742]"
332a57fad33dafa8,"[ 0.0052584  -0.03863491  0.01668543 ...  0.02382329  0.02502588
  0.03551804]"
866ae5aeb8ac8ff9,"[ 0.01281122 -0.00653242  0.05673147 ... -0.0147686   0.13945422
  0.11109386]"
a9ef80fb0140afc8,"[ 0.01799567  0.0687696   0.07201674 ... -0.02064417  0.10279635
  0.09533166]"
c552fab71b223aaf,"[ 0.01337811 -0.007201    0.08157412 ... -0.06259143  0.02079673
  0.10271947]"
a37cd8be90cdf2b7,"[-0.01560447 -0.01464173  0.01731635 ...  0.00618689  0.00802105
  0.00804535]"
87266ce48250fa5b,"[ 0.05522504 -0.00556808  0.08045235 ...  0.00654276  0.06804413
  0.06609069]"
9e3ecde3f9a8e478,"[-0.01843798  0.0025855   0.10771707 ...  0.01032897  0.03445058
  0.01313455]"
4a37ff72c7c51583,"[ 0.00211671 -0.02746649  0.08042721 ... -0.0056514   0.03174053
  0.02340184]"
8c284b21c0db01e9,"[-5.2613843e-05 -5.1842851e-04  2.7385806e-03 ...  1.6822728e-03
  4.8015523e-03  1.6856409e-03]"
767b1480f9695b01,"[ 0.02020587  0.01064346  0.04419319 ... -0.04067929  0.14832501
  0.07303096]"
ef248b880dd505ae,"[ 0.03266742 -0.00509519  0.04034551 ...  0.00854373  0.05639822
  0.03376842]"
f4f989c2b830ebfd,"[-0.00026975 -0.01303807  0.04347178 ... -0.00642354  0.0764458
  0.08476739]"
13ffa06a90039644,"[ 0.00922954 -0.04767883  0.00951897 ...  0.00200516  0.01429067
  0.00609819]"
8e12f6630310ed43,"[-0.00684664  0.00369755  0.08345702 ...  0.01080583  0.02823066
  0.02322234]"
6b1627d06428db0d,"[ 0.00532869 -0.00402465  0.18136562 ... -0.00889909  0.08355218
  0.03928356]"
d86813a60970f586,"[ 7.8531113e-03 -3.3823399e-05  7.7953659e-02 ...  6.6445716e-02
  4.9309261e-02  7.6578096e-02]"
097d9998f12a94f4,"[ 0.03432615 -0.02621969  0.06961902 ... -0.00014661  0.05685897
  0.01057721]"
cf70f637489e11a7,"[-0.00649586 -0.01034797  0.10424682 ... -0.00532176  0.04763152
  0.08294912]"
6a639771f641ce4f,"[-0.01338629 -0.01928164  0.03123988 ... -0.00856365  0.19523764
  0.00856365]"
a18ea7a9097e338d,"[ 0.00660251 -0.02505321  0.03598193 ...  0.02109457  0.05605167
  0.06730326]"
5f6cc778c40f8ae0,[0.00637456 0.01868693 0.06574896 ... 0.02673316 0.05451928 0.05234123]
b52f19e706558d47,"[ 0.01146504 -0.01215754  0.04660803 ... -0.01052134  0.02223086
  0.01272114]"
46f0fc8a488f19f0,"[ 0.02441693  0.07635824  0.02690643 ... -0.02344252  0.09868507
  0.15421946]"
af9b607194d4ce6b,"[-0.00476935  0.01460826  0.00476935 ... -0.03243682  0.11896078
  0.06989479]"
251522e66e1840f3,"[ 0.00348569  0.01156762  0.03965631 ... -0.00069025  0.01840496
  0.00591991]"
